{
    "metadata":{
        "position":4,
        "version":3,
        "normal":4,
        "uv":4,
        "type":"BufferGeometry",
        "generator":"io_three"
    },
    "data":{
        "attributes":{
            "uv":{
                "type":"Float32Array",
                "itemSize":2,
                "array":[0,39.3701,0,0,39.3701,0,39.3701,39.3701]
            },
            "position":{
                "type":"Float32Array",
                "itemSize":3,
                "array":[7.99572,-2.26178e-06,8.09067,7.99572,-3.48063e-07,-7.96276,-8.05771,-3.48063e-07,-7.96276,-8.05771,-2.26178e-06,8.09067]
            },
            "normal":{
                "type":"Float32Array",
                "itemSize":3,
                "array":[0,1,0,0,1,0,0,1,0,0,1,0]
            }
        },
        "index":{
            "type":"Uint16Array",
            "itemSize":1,
            "array":[0,1,2,2,3,0]
        }
    }
}