{
    "skinWeights":[],
    "skinIndices":[],
    "colors":[],
    "influencesPerVertex":2,
    "normals":[0.004456,0.999969,-0.00058],
    "uvs":[[3.21467,0,2.68301,20.3794,0.673633,10.2776,3.8608,9.85805,5.99374,30.1325,5.78814,19.5474,8.96371,28.9023,10.5492,39.3701,13.3332,37.7627,16.2714,47.934,18.8218,45.977,23.0625,55.6777,25.3356,53.4046,30.8062,62.4688,32.7631,59.9184,40.9774,65.407,39.3701,68.191,48.6076,72.7464,59.1927,72.952,68.8821,74.8794,68.4625,78.0665,78.7402,78.7402,0,0,49.8378,69.7765,58.3607,76.0572,78.7402,75.5255]],
    "metadata":{
        "version":3,
        "colors":0,
        "normals":1,
        "uvs":1,
        "materials":1,
        "vertices":28,
        "type":"Geometry",
        "faces":24,
        "generator":"io_three",
        "bones":0
    },
    "materials":[{
        "colorDiffuse":[0.301961,0.560784,0.431373],
        "opacity":1,
        "colorEmissive":[0,0,0],
        "depthWrite":true,
        "colorSpecular":[0.33,0.33,0.33],
        "shading":"phong",
        "DbgName":"grass.008",
        "DbgColor":15658734,
        "blending":"NormalBlending",
        "wireframe":false,
        "transparent":false,
        "doubleSided":false,
        "specularCoef":50,
        "depthTest":true,
        "vertexColors":false,
        "visible":true,
        "DbgIndex":20
    }],
    "scale" : 1.000000,
    "vertices":[-5.098,0.021773,-0.296966,-4.98348,0.021128,-0.52024,-5.1824,0.022291,-0.060655,-4.8408,0.020368,-0.726655,-3.8047,0.015346,-1.39555,-4.04355,0.016457,-1.31865,-4.27033,0.017533,-1.21123,-4.48114,0.018555,-1.07513,-4.67239,0.019505,-0.91268,-5.2556,0.022915,0.434757,-5.23524,0.022674,0.184652,-3.30723,0.013093,-1.45307,-3.55785,0.014218,-1.44061,-5.31601,0.023027,0.172718,-5.33724,0.023278,0.433467,-5.26093,0.022628,-0.08303,-5.17294,0.022087,-0.329401,-5.05354,0.021415,-0.562178,-4.90478,0.020622,-0.777379,-4.72921,0.019723,-0.971322,-4.52982,0.018732,-1.14069,-4.31003,0.017667,-1.28258,-4.0736,0.016546,-1.39457,-3.82458,0.015387,-1.47474,-3.56723,0.014211,-1.52172,-3.30594,0.013039,-1.53471,-5.2556,0.022915,0.434757,-5.31601,0.023027,0.172718],
    "faces":[42,9,15,27,0,0,1,2,0,0,0,42,10,16,15,0,3,4,1,0,0,0,42,2,0,16,0,5,6,4,0,0,0,42,0,17,16,0,6,7,4,0,0,0,42,1,18,17,0,8,9,7,0,0,0,42,3,19,18,0,10,11,9,0,0,0,42,8,20,19,0,12,13,11,0,0,0,42,7,6,21,0,14,15,16,0,0,0,42,6,22,21,0,15,17,16,0,0,0,42,4,12,24,0,18,19,20,0,0,0,42,12,25,24,0,19,21,20,0,0,0,42,13,14,26,0,2,22,0,0,0,0,42,9,10,15,0,0,3,1,0,0,0,42,10,2,16,0,3,5,4,0,0,0,42,0,1,17,0,6,8,7,0,0,0,42,1,3,18,0,8,10,9,0,0,0,42,3,8,19,0,10,12,11,0,0,0,42,8,7,20,0,12,14,13,0,0,0,42,7,21,20,0,14,16,13,0,0,0,42,6,5,22,0,15,23,17,0,0,0,42,5,23,22,0,23,24,17,0,0,0,42,5,4,23,0,23,18,24,0,0,0,42,4,24,23,0,18,20,24,0,0,0,42,12,11,25,0,19,25,21,0,0,0],
    "bones":[]
}